Barrio,cluster_lvl1,Provincia,Localidad,Latitud,Longitud
Abasto,1,Capital Federal,Capital Federal,-32.961025,-60.645093
Abril Club De Campo,1,Buenos Aires,Countries y Barrios Cerrados Berazategui,-34.802206,-58.164272
Acassuso Vias  /  Santa Fe,1,Buenos Aires,Acassuso,-34.480939,-58.50474
Agronomia,1,Capital Federal,Capital Federal,-34.59217,-58.488972
Aidy Grill,1,Maldonado,Punta del Este,-34.954376,-54.93452
Albanueva,1,Buenos Aires,Countries y Barrios Cerrados Tigre,-34.408053,-58.617038
Alberdi,1,Cordoba,Cordoba,-32.8912845,-60.69506
Almagro,1,Capital Federal,Capital Federal,-34.606699,-58.42122
Alta Cordoba,1,Cordoba,Cordoba,-31.392857,-64.185
Alto Alberdi,1,Cordoba,Cordoba,-31.406036,-64.218355
Arguello,0,Cordoba,Cordoba,-31.340668,-64.264851
Arroyito,1,Santa Fe,Rosario,-32.916281,-60.679081
Ayres De Pilar,1,Buenos Aires,Countries y Barrios Cerrados Pilar,-34.436531,-58.800769
Azcuenaga,0,Santa Fe,Rosario,-32.941293,-60.69632
Balvanera,1,Capital Federal,Capital Federal,-34.609287,-58.402826
Barracas,1,Capital Federal,Capital Federal,-34.637675,-58.37464
Barrio Norte,1,Buenos Aires,La Plata,-34.59296,-58.39741
Belgrano,1,Capital Federal,Capital Federal,-34.562467,-58.454597
Bella Vista,1,Santa Fe,Rosario,-32.958508,-60.678697
Billinghurst,0,Buenos Aires,General San Martin,-34.573929,-58.569413
Boca,1,Capital Federal,Capital Federal,-34.634496,-58.362438
Boca Raton,0,Buenos Aires,Countries y Barrios Cerrados Pilar,-34.548445,-58.86437
Boedo,1,Capital Federal,Capital Federal,-34.62665,-58.418027
Buceo,1,Montevideo,Montevideo,-34.896136,-56.129414
Caballito,1,Capital Federal,Capital Federal,-34.618621,-58.441433
Campos De Alvarez,1,Buenos Aires,Countries y Barrios Cerrados Moreno,-34.62253,-58.843367
Castelar Norte,1,Buenos Aires,Castelar,-34.645858,-58.643586
Castelar Sur,1,Buenos Aires,Castelar,-34.657261,-58.642239
Centro,1,Buenos Aires,Belen De Escobar,-32.95752,-60.633475
Centro ,1,Montevideo,Montevideo,-34.9055,-56.191073
Centro (Campana),0,Buenos Aires,Campana,-34.166944,-58.959794
Centro (Moreno),0,Buenos Aires,Moreno,-34.643299,-58.791533
Cerro De Las Rosas,0,Cordoba,Cordoba,-31.374672,-64.233951
Chacarita,1,Capital Federal,Capital Federal,-34.585999,-58.451003
Chauvin,1,Buenos Aires,Mar Del Plata,-38.012188,-57.558309
Chilavert,1,Buenos Aires,Villa Ballester,-34.542611,-58.567965
Ciudad De Tigre,1,Buenos Aires,Tigre,-34.425805,-58.579147
Club Miralagos,0,Buenos Aires,Countries y Barrios Cerrados La Plata,-35.100257,-58.077303
Cofico,1,Cordoba,Cordoba,-31.39966,-64.185974
Coghlan,1,Capital Federal,Capital Federal,-34.560968,-58.474599
Colegiales,1,Capital Federal,Capital Federal,-34.576018,-58.44991
Congreso,1,Capital Federal,Capital Federal,-34.60983,-58.39168
Constitucion,1,Buenos Aires,Mar Del Plata,-34.626771,-58.384
Cordon ,1,Montevideo,Montevideo,-34.9036485,-56.175844
Country Club Banco Provincia,1,Buenos Aires,Countries y Barrios Cerrados Moreno,-34.602333,-58.862514
Country Club Los Cardales,0,Buenos Aires,Countries y Barrios Cerrados Campana,-34.315156,-58.963989
Echesortu,1,Santa Fe,Rosario,-32.944272,-60.672544
El Canton,1,Buenos Aires,Countries y Barrios Cerrados Escobar,-34.34484,-58.742666
El Canton - Norte,1,Buenos Aires,Countries y Barrios Cerrados Escobar,-34.33228,-58.753286
El Cantón - Barrio Golf,0,Buenos Aires,Countries y Barrios Cerrados Escobar,-34.344917,-58.741087
El Cantón - Barrio Islas,1,Buenos Aires,Countries y Barrios Cerrados Escobar,-34.34484,-58.749496
El Cantón - Barrio Puerto,1,Buenos Aires,Countries y Barrios Cerrados Escobar,-34.349362,-58.742443
El Naudir,0,Buenos Aires,Countries y Barrios Cerrados Escobar,-34.317129,-58.742044
El Remanso,0,Buenos Aires,Countries y Barrios Cerrados Exaltacion De La Cruz,-34.39103,-59.080773
Estancias Del Pilar,0,Buenos Aires,Countries y Barrios Cerrados Pilar,-34.480436,-58.991972
Fincas de San Vicente,0,Buenos Aires,Canning,-35.029335,-58.449802
Fisherton,1,Santa Fe,Rosario,-32.925627,-60.747176499999995
Flores,1,Capital Federal,Capital Federal,-34.629289,-58.463214
Floresta,1,Capital Federal,Capital Federal,-34.62998,-58.48734
Florida Belgrano/Oeste,1,Buenos Aires,Florida,-34.537248,-58.511062
Florida Mitre/Este,1,Buenos Aires,Florida,-34.531451,-58.487749
General Paz,1,Cordoba,Cordoba,-31.41289,-64.16766
Haedo Norte,1,Buenos Aires,Haedo,-34.638575,-58.593906
Haedo Sur,1,Buenos Aires,Haedo,-34.647819,-58.592083
Haras Del Sur,0,Buenos Aires,Countries y Barrios Cerrados La Plata,-35.124425,-58.055061
Haras Santa Maria,1,Buenos Aires,Countries y Barrios Cerrados Escobar,-34.340837,-58.850983
La Barra,1,Maldonado,Punta del Este,-34.954376,-54.93452
La Florida,1,Buenos Aires,Mar Del Plata,-32.881702,-60.694585
La Horqueta,1,Buenos Aires,San Isidro,-34.48303,-58.569714
La Lomada De Pilar,1,Buenos Aires,Countries y Barrios Cerrados Pilar,-34.43292,-58.818865
La Lucila Libertador / Rio,1,Buenos Aires,La Lucila,-34.494702,-58.484228
La Lucila-Vias/Maipu,1,Buenos Aires,La Lucila,-34.500101,-58.49269
La Perla Norte,1,Buenos Aires,Mar Del Plata,-37.989302,-57.547455
La Perla Sur,1,Buenos Aires,Mar Del Plata,-37.991798,-57.547503
La cañada de Pilar,1,Buenos Aires,Countries y Barrios Cerrados Pilar,-34.448892,-58.937317
Lagoon Pilar,1,Buenos Aires,Countries y Barrios Cerrados Pilar,-34.412262,-58.851096
Lanus Este,1,Buenos Aires,Lanus,-34.71038,-58.381985
Lanus Oeste,1,Buenos Aires,Lanus,-34.702219,-58.397513
Liniers,1,Capital Federal,Capital Federal,-34.643991,-58.519027
Lomas de San Isidro,1,Buenos Aires,San Isidro,-34.480224,-58.546928
Los Hornos,0,Buenos Aires,La Plata,-34.957081,-57.977015
Los Troncos,1,Buenos Aires,Countries y Barrios Cerrados Berazategui,-38.01781,-57.54816
Ludueña,0,Santa Fe,Rosario,-32.93135,-60.687614
Luis Agote,1,Santa Fe,Rosario,-32.936607,-60.669314
Macrocentro,1,Chaco,Resistencia,-37.992492,-57.568982000000005
Malvin,1,Montevideo,Montevideo,-34.892512,-56.105857
Manantiales,0,Cordoba,Cordoba,-34.90961,-54.93452
Mapuche Country Club,1,Buenos Aires,Countries y Barrios Cerrados Pilar,-34.443176,-58.853126
Martin,1,Santa Fe,Rosario,-32.954286,-60.6312
Martinez Fleming / Panamericana,1,Buenos Aires,Martinez,-34.500729,-58.527468
Martinez Libertador / Rio,1,Buenos Aires,Martinez,-34.483943,-58.486921
Martinez Santa Fe / Fleming,1,Buenos Aires,Martinez,-34.492352,-58.511005
Martinez Vias / Libertador,1,Buenos Aires,Martinez,-34.48683,-58.493173
Martinez Vias / Santa Fe,1,Buenos Aires,Martinez,-34.488164,-58.499278
Mataderos,1,Capital Federal,Capital Federal,-34.655009,-58.50314
Microcentro,1,Buenos Aires,La Plata,-34.915561,-57.95339
Moron Norte,1,Buenos Aires,Moron,-34.648395,-58.621568
Moron Sur,1,Buenos Aires,Moron,-34.655861,-58.618575
Nordelta Castaños,1,Buenos Aires,Countries y Barrios Cerrados Nordelta,-34.435997,-58.646104
Nordelta Los Castores,1,Buenos Aires,Countries y Barrios Cerrados Nordelta,-34.407279,-58.66021
Nuestra Señora De Lourdes,1,Santa Fe,Rosario,-32.947873,-60.660332
Nueva Cordoba,1,Cordoba,Cordoba,-31.42546,-64.186417
Nuñez,1,Capital Federal,Capital Federal,-34.547204,-58.4673
Olivos Golf,1,Buenos Aires,Olivos,-34.517883,-58.503648
Olivos Maipu/Uzal,1,Buenos Aires,Olivos,-34.507567,-58.498238
Olivos Quinta Presidencial,1,Buenos Aires,Olivos,-34.51369,-58.484339
Olivos Uzal / Panamericana,1,Buenos Aires,Olivos,-34.510061,-58.516371
Olivos Vias/Maipu,1,Buenos Aires,Olivos,-34.508553,-58.487126
Olivos Vias/Rio,1,Buenos Aires,Olivos,-34.507598,-58.479279
Once,1,Capital Federal,Capital Federal,-34.605553,-58.404589
Otro,1,Buenos Aires,Mar Del Plata,-38.008804,-57.559261
Otros barrios de Nordelta,1,Buenos Aires,Countries y Barrios Cerrados Nordelta,-34.403305,-58.649174
Palermo,1,Capital Federal,Capital Federal,-34.58333,-58.425256
Parque Centenario,1,Capital Federal,Capital Federal,-34.60636,-58.43534
Parque Chacabuco,1,Capital Federal,Capital Federal,-34.63466,-58.438364
Parque Patricios,1,Capital Federal,Capital Federal,-34.63533,-58.404108
Parque Sakura,0,Buenos Aires,Countries y Barrios Cerrados Exaltacion De La Cruz,-34.39876,-59.03698
Paternal,1,Capital Federal,Capital Federal,-34.602677,-58.465575
Península,1,Maldonado,Punta del Este,-34.954376,-54.93452
Pichincha,1,Santa Fe,Rosario,-32.935177,-60.659115
Pilar Centro,1,Buenos Aires,Pilar,-34.457087,-58.907011
Pilar Del Este,0,Buenos Aires,Countries y Barrios Cerrados Pilar,-34.393477,-58.873188
Pilar del Este - San Ramiro,0,Buenos Aires,Countries y Barrios Cerrados Pilar,-34.382696,-58.859672
Pilar del Este - San Ramon,0,Buenos Aires,Countries y Barrios Cerrados Pilar,-34.380712,-58.86438
Pilar del Este - Santa Elena,1,Buenos Aires,Countries y Barrios Cerrados Pilar,-34.395394,-58.88355
Pilar del Este - Santa Guadalupe,1,Buenos Aires,Countries y Barrios Cerrados Pilar,-34.38953,-58.877869
Pilara,0,Buenos Aires,Countries y Barrios Cerrados Pilar,-34.461661,-58.952594
Pinares,1,Maldonado,Punta del Este,-34.954376,-54.93452
Playa Brava,1,Maldonado,Punta del Este,-34.954376,-54.93452
Playa Grande,1,Buenos Aires,Mar Del Plata,-38.027516,-57.533495
Playa Mansa,1,Maldonado,Punta del Este,-34.954376,-54.93452
Plaza Colon,1,Buenos Aires,Mar Del Plata,-38.0064235,-57.544508
Plaza Mitre,1,Buenos Aires,Mar Del Plata,-38.004034,-57.552852
Pocitos ,1,Montevideo,Montevideo,-34.907957,-56.150005
Pompeya,1,Buenos Aires,Mar Del Plata,-34.650058,-58.41752
Puerto Norte,1,Santa Fe,Rosario,-32.924634,-60.664688
Puertos,0,Buenos Aires,Countries y Barrios Cerrados Escobar,-34.353598,-58.735611
Punta Ballena,1,Maldonado,Punta del Este,-34.936321,-54.93452
Punta Carretas,1,Montevideo,Montevideo,-34.919575,-56.158442
Punta Chica,1,Buenos Aires,San Fernando,-34.4496,-58.531779
Punta Mogotes,1,Buenos Aires,Mar Del Plata,-38.06907,-57.547154
Ramos Mejia Norte,1,Buenos Aires,Ramos Mejia,-34.639154,-58.561741
Ramos Mejia Sur,1,Buenos Aires,Ramos Mejia,-34.64717,-58.561783
Refinerias,1,Santa Fe,Rosario,-32.92615,-60.6709
Republica De La Sexta,1,Santa Fe,Rosario,-32.963406,-60.632437
Rincón del Indio,1,Maldonado,Punta del Este,-34.954376,-54.93452
Ringuelet,0,Buenos Aires,La Plata,-34.886427,-57.989789
Roosvelt,1,Maldonado,Punta del Este,-34.954376,-54.93452
Saavedra,1,Capital Federal,Capital Federal,-34.552044,-58.4828715
Saint Thomas,1,Buenos Aires,Countries y Barrios Cerrados Esteban Echeverria,-34.8881,-58.504002
San Cristobal,1,Capital Federal,Capital Federal,-34.622782,-58.400433
San Diego Country Club,0,Buenos Aires,Countries y Barrios Cerrados Moreno,-34.614734,-58.843632
San Fernando Vias  /  Centro,1,Buenos Aires,San Fernando,-34.44293,-58.557964
San Francisco,1,Buenos Aires,Countries y Barrios Cerrados Pilar,-34.38974,-58.703325
San Isidro Centro,1,Buenos Aires,San Isidro,-34.470825,-58.51364
San Isidro Labrador,1,Buenos Aires,Countries y Barrios Cerrados San Isidro,-34.384226,-58.68039
San Isidro Vias / Rolon,1,Buenos Aires,San Isidro,-34.47108,-58.52187
San Jose,1,Buenos Aires,Mar Del Plata,-38.006806,-57.568845
San Juan,0,Buenos Aires,Countries y Barrios Cerrados Tigre,-37.9935895,-57.569861
San Martin,0,Cordoba,Cordoba,-31.392257,-64.19627
San Matias,1,Buenos Aires,Countries y Barrios Cerrados Escobar,-34.360527,-58.75143
San Rafael,1,Buenos Aires,Countries y Barrios Cerrados Tigre,-34.954376,-54.93452
San Sebastian,0,Buenos Aires,Countries y Barrios Cerrados Escobar,-34.34615,-58.890514
San Telmo,1,Capital Federal,Capital Federal,-34.621,-58.374804
Santa Barbara,1,Buenos Aires,Countries y Barrios Cerrados Tigre,-34.446847,-58.631349
Santa Catalina,1,Buenos Aires,Countries y Barrios Cerrados Lujan,-34.388951,-58.706205
Santa Isabel,0,Buenos Aires,Countries y Barrios Cerrados Escobar,-34.36644,-58.738578
Santa Maria Del Tigre,1,Buenos Aires,Countries y Barrios Cerrados Tigre,-34.400765,-58.638197
Santa Rita,0,Buenos Aires,San Isidro,-34.494444,-58.56778
Sierra De Los Padres,0,Buenos Aires,Mar Del Plata,-37.94743,-57.77757
Terminal Vieja,1,Buenos Aires,Mar Del Plata,-38.010615,-57.54337
Terravista,1,Buenos Aires,Countries y Barrios Cerrados General Rodriguez,-34.59937,-58.90345
Tiro Suizo,0,Santa Fe,Rosario,-32.99635,-60.653244
Tres Cruces,1,Montevideo,Montevideo,-34.896837,-56.165751
Velez Sarsfield,1,Capital Federal,Capital Federal,-34.631249,-58.492904
Versalles,1,Capital Federal,Capital Federal,-34.62939,-58.521194
Vicente Lopez Vias / Maipu,1,Buenos Aires,Vicente Lopez,-34.525453,-58.477695
Vicente Lopez Vias / Rio,1,Buenos Aires,Vicente Lopez,-34.521642,-58.473816
Vila Marina,0,Buenos Aires,Countries y Barrios Cerrados Tigre,-34.370812,-58.688445
Villa Belgrano,0,Cordoba,Cordoba,-31.3562,-64.25504
Villa Bonich,0,Buenos Aires,General San Martin,-34.572585000000004,-58.562189
Villa Celina,1,Buenos Aires,Ciudad Madero,-34.696745,-58.483246
Villa Crespo,1,Capital Federal,Capital Federal,-34.598382,-58.440653
Villa Devoto,1,Capital Federal,Capital Federal,-34.604,-58.511598
Villa General Mitre,1,Capital Federal,Capital Federal,-34.610295,-58.46905
Villa Lugano,1,Capital Federal,Capital Federal,-34.67675,-58.475366
Villa Luro,1,Capital Federal,Capital Federal,-34.639051,-58.503804
Villa Maipu,1,Buenos Aires,General San Martin,-34.569267,-58.525321
Villa Ortuzar,1,Capital Federal,Capital Federal,-34.58197,-58.467891
Villa Pueyrredon,1,Capital Federal,Capital Federal,-34.584715,-58.501756
Villa Real,1,Buenos Aires,Ciudadela,-34.619788,-58.525761
Villa Soldati,0,Capital Federal,Capital Federal,-34.661308,-58.440606
Villa Urquiza,1,Capital Federal,Capital Federal,-34.573504,-58.486457
Villa del Parque,1,Capital Federal,Capital Federal,-34.605355,-58.48949
Villanueva,1,Buenos Aires,Campana,-34.388951,-58.696932
Zona Centro,0,Salta,Salta,-24.783089,-65.41749300000001
Zona Sur,0,Buenos Aires,La Plata,-34.918807,-57.960836
