Barrio,coverage
Abasto,0.926829268292683
Abril Club De Campo,0.7439024390243902
Acacias Blancas,0.4878048780487805
Acassuso El Cano  /  Rio,0.04878048780487805
Acassuso Libertador  /  Solis,0.45121951219512196
Acassuso Vias  /  Libertador,0.4146341463414634
Acassuso Vias  /  Santa Fe,0.8170731707317073
Aero Country Club,0.036585365853658534
Agronomia,0.8414634146341463
Aguada,0.0
Aguada ,0.5609756097560976
Aguadas,0.012195121951219513
Aguas Azules,0.08536585365853659
Agustinas 1,0.036585365853658534
Aidy Grill,0.7682926829268293
Alamos 2,0.012195121951219513
Albanueva,0.7439024390243902
Alberdi,0.9878048780487805
Aldea Lago,0.12195121951219512
Alem,0.07317073170731707
Almagro,0.9878048780487805
Alta Cordoba,0.8414634146341463
Altamira,0.012195121951219513
Alto Alberdi,0.9024390243902439
Alto Los Cardales,0.06097560975609756
Alto Verde,0.0
Altos De Bella Vista,0.024390243902439025
Altos De Campo Grande,0.2073170731707317
Altos De Las Vertientes,0.012195121951219513
Altos De Lujan,0.13414634146341464
Altos De Manzanares,0.24390243902439024
Altos De San Lorenzo,0.036585365853658534
Altos Del Casco,0.012195121951219513
Altos Del Pilar,0.012195121951219513
Altos Del Sol,0.524390243902439
Altos de Hudson II,0.4024390243902439
Altos de Los Cardale,0.08536585365853659
Alvarez Del Bosque,0.024390243902439025
Aranjuez,0.5487804878048781
Aranzazu,0.14634146341463414
Area 60,0.17073170731707318
Arenas del Sur,0.13414634146341464
Arguello,0.8414634146341463
Arguello Norte,0.036585365853658534
Arroyito,0.926829268292683
Arroyo Carapachay,0.06097560975609756
Ayres De Pilar,0.8048780487804879
Ayres Lofts,0.0975609756097561
Ayres Plaza,0.6463414634146342
Azcuenaga,0.7682926829268293
Balvanera,1.0
Banco Provincia,0.2804878048780488
Baradero,0.024390243902439025
Barbarita,0.6097560975609756
Barra De Carrasco ,0.012195121951219513
Barracas,0.975609756097561
Barrancas De San Benito,0.07317073170731707
Barrancas De San Jose,0.04878048780487805
Barrancas de Iraola,0.0975609756097561
Barrio Aleman,0.024390243902439025
Barrio Arenas Chico,0.012195121951219513
Barrio Belen,0.04878048780487805
Barrio Bosque Peralta Ramos,0.2804878048780488
Barrio Cerrado Costa Esmeralda,0.2682926829268293
Barrio Cerrado Los Horneros,0.024390243902439025
Barrio Colinas de Peralta Ramos,0.10975609756097561
Barrio Cordoba,0.024390243902439025
Barrio Cube,0.21951219512195122
Barrio Del Combate,0.012195121951219513
Barrio Don Bosco,0.13414634146341464
Barrio Ecuestre,0.012195121951219513
Barrio El Campo - Fincas Exclusivas Cardales,0.036585365853658534
Barrio España y Hospitales,0.6341463414634146
Barrio Golf 2,0.10975609756097561
Barrio Grand Bourg,0.13414634146341464
Barrio Guemes,0.06097560975609756
Barrio Hospitales,0.14634146341463414
Barrio Industrial,0.0975609756097561
Barrio Jardin,0.024390243902439025
Barrio La Siberia,0.0
Barrio Malvinas,0.012195121951219513
Barrio Marina,0.024390243902439025
Barrio Matheu,0.5853658536585366
Barrio Norte,1.0
Barrio Parque,0.45121951219512196
Barrio Parque Field,0.12195121951219512
Barrio Parque Las Lomadas,0.012195121951219513
Barrio Parque Matheu,0.0
Barrio Parque Pero,0.024390243902439025
Barrio Parque San Martin,0.4878048780487805
Barrio Rucci,0.0975609756097561
Barrio San Martin,0.04878048780487805
Barrio Sur,0.5975609756097561
Barrio Tres Cerritos,0.4634146341463415
Barrio Zacagnini,0.012195121951219513
Beccar,0.0
Beccar Alto,0.6341463414634146
Beccar Libertador Rio,0.13414634146341464
Beccar Vias / Libertador,0.5365853658536586
Beccar-Vias/Rolon,0.5975609756097561
Belgrano,1.0
Bella Vista,0.7804878048780488
Bella Vista ,0.012195121951219513
Bermudas,0.07317073170731707
Billinghurst,0.8292682926829268
Boat Center,0.3170731707317073
Boca,0.9390243902439024
Boca Raton,0.7317073170731707
Boedo,0.9512195121951219
Bosque Alto,0.012195121951219513
Bouquet,0.32926829268292684
Brazo Oriental,0.12195121951219512
Brujas,0.024390243902439025
Buceo,0.7560975609756098
Buenos Aires Golf,0.15853658536585366
Caballito,1.0
Caisamar,0.5487804878048781
Camet,0.12195121951219512
Campo Chico,0.3902439024390244
Campo Grande,0.6463414634146342
Campos De Alvarez,0.7073170731707317
Campos De La Enriqueta,0.036585365853658534
Campos De Roca,0.5365853658536586
Campos De Roca II,0.14634146341463414
Campus Vista,0.036585365853658534
Candioti,0.012195121951219513
Candioti Norte,0.036585365853658534
Canning Chico,0.024390243902439025
Cantegril,0.3780487804878049
Capitan,0.024390243902439025
Carabassa,0.06097560975609756
Cardales Village,0.43902439024390244
Cardenal Del Monte,0.08536585365853659
Carmel Country Club,0.14634146341463414
Carrasco,0.0
Carrasco ,0.5365853658536586
Carrasco Norte,0.17073170731707318
Casablanca,0.0
Casonas Del Haras,0.07317073170731707
Castelar Norte,0.9512195121951219
Castelar Sur,0.9512195121951219
Casuarinas Del Pilar,0.1951219512195122
Cañuelas Urbano,0.13414634146341464
Centro,1.0
Centro ,0.7439024390243902
Centro (Campana),0.9512195121951219
Centro (Moreno),0.7439024390243902
Centro (Zarate),0.17073170731707318
Centro De Lujan,0.25609756097560976
Cerrillos,0.012195121951219513
Cerrito,0.0
Cerro De Las Rosas,0.7926829268292683
Cerro De Oro,0.024390243902439025
Chacarita,0.926829268292683
Chacras De La Cruz,0.10975609756097561
Chacras de la Villa,0.012195121951219513
Chateau Carreras,0.012195121951219513
Chateau Pilar,0.036585365853658534
Chauvin,0.9146341463414634
Chilavert,0.9024390243902439
Chumamaya,0.12195121951219512
Cinco Esquinas,0.5121951219512195
Ciudad De Tigre,0.8902439024390244
Ciudad Vieja,0.6341463414634146
Claromeco,0.012195121951219513
Claros del Bosque,0.08536585365853659
Club De Campo Pueyrredon,0.036585365853658534
Club El Carmen,0.012195121951219513
Club Miralagos,0.7682926829268293
Club de Campo Las Hojas,0.04878048780487805
Cofico,0.8170731707317073
Coghlan,0.8780487804878049
Colegiales,0.9512195121951219
Comarca del Sol,0.012195121951219513
Comarcas de Luján,0.4146341463414634
Complejo Liquidambar,0.024390243902439025
Condominio Civis,0.024390243902439025
Confluencia Urbana,0.012195121951219513
Congreso,0.975609756097561
Constitucion,0.975609756097561
Cordon,0.0
Cordon ,0.7926829268292683
Corrientes,0.6341463414634146
Country Club Banco Provincia,0.8170731707317073
Country Club El Pato,0.07317073170731707
Country Club Los Cardales,0.8658536585365854
Country Club Manuel Belgrano,0.1951219512195122
Country El Paraíso,0.012195121951219513
Country La Lonja,0.10975609756097561
Country Santa Rita,0.36585365853658536
Cristaline,0.0975609756097561
Cuarta Sección,0.0975609756097561
De Vicenzo Chico,0.024390243902439025
De Vicenzo Grande,0.573170731707317
Developer Aqua,0.012195121951219513
Developer Park,0.024390243902439025
Docta,0.4634146341463415
Don Mateo,0.15853658536585366
Echesortu,0.9390243902439024
Echeverria Del Lago,0.04878048780487805
El Aljibe,0.5853658536585366
El Argentino Farm Club,0.012195121951219513
El Aromo,0.08536585365853659
El Bosque,0.18292682926829268
El Canton,0.8658536585365854
El Canton - Norte,0.8170731707317073
El Cantón - Barrio Golf,0.7682926829268293
El Cantón - Barrio Islas,0.8658536585365854
El Cantón - Barrio Puerto,0.8048780487804879
El Carmencito,0.07317073170731707
El Casco (Pacheco),0.0975609756097561
El Cazal,0.6585365853658537
El Chorro,0.18292682926829268
El Encuentro,0.21951219512195122
El Ensueño,0.6219512195121951
El Espinillo Golf,0.024390243902439025
El Establo,0.012195121951219513
El Jaguel,0.036585365853658534
El Lauquen,0.024390243902439025
El Lauquen Club De Campo,0.23170731707317074
El Lucero,0.0
El Malacate,0.13414634146341464
El Molino,0.024390243902439025
El Moro,0.18292682926829268
El Nacional Club De Campo,0.6463414634146342
El Naudir,0.8902439024390244
El Once,0.15853658536585366
El Portal De Pilar,0.0
El Principado,0.07317073170731707
El Rebenque,0.12195121951219512
El Recodo,0.04878048780487805
El Remanso,0.7439024390243902
El Rocio,0.04878048780487805
El Talar De Pacheco,0.1951219512195122
El Trébol,0.15853658536585366
Empalme Graneros,0.24390243902439024
Epulaufquen,0.14634146341463414
Espera,0.06097560975609756
Estancia Benquerencia,0.07317073170731707
Estancia Benquerencia Farm Club,0.08536585365853659
Estancia Q2,0.012195121951219513
Estancia Villa Maria,0.5487804878048781
Estancias Del Pilar,0.7682926829268293
Everlinks Golf & Country Club,0.3902439024390244
Faldeo Del Bayo,0.12195121951219512
Faldeo Manzano,0.07317073170731707
Farm Club,0.0
Faro,0.4024390243902439
Fincas De Maschwitz,0.12195121951219512
Fincas Del Lago,0.0
Fincas Joven,0.07317073170731707
Fincas de Hudson,0.5853658536585366
Fincas de Iraola II,0.036585365853658534
Fincas de San Vicente,0.7439024390243902
Fisherton,0.9390243902439024
Flores,1.0
Floresta,1.0
Florida Belgrano/Oeste,0.975609756097561
Florida Mitre/Este,0.9634146341463414
Funes City,0.024390243902439025
Funes Norte,0.3170731707317073
Galapagos,0.08536585365853659
Garin-Centro,0.04878048780487805
General Bustos,0.13414634146341464
General Gutierrez,0.012195121951219513
General Jose De San Martin,0.32926829268292684
General Paz,0.9512195121951219
General Pueyrredon,0.45121951219512196
Godoy Cruz,0.43902439024390244
Goes,0.0
Golf,0.5487804878048781
Golf Club Argentino,0.036585365853658534
Golfers,0.2804878048780488
Grand Bell,0.15853658536585366
Granja De Funes,0.024390243902439025
Greenville 2,0.04878048780487805
Greenville Polo & Resort,0.47560975609756095
Guadalupe,0.012195121951219513
Guemes,0.5975609756097561
Hacoaj,0.0975609756097561
Haedo Norte,0.8780487804878049
Haedo Sur,0.9024390243902439
Haras Del Sol,0.4268292682926829
Haras Del Sur,0.7317073170731707
Haras Del Sur 2,0.3902439024390244
Haras Del Sur 3,0.6463414634146342
Haras Maria Eugenia,0.012195121951219513
Haras Maria Victoria,0.2073170731707317
Haras Myriam,0.0
Haras San Pablo,0.5121951219512195
Haras Santa Maria,0.8902439024390244
Highland Park Country Club,0.2926829268292683
Horizontes al Sur,0.4146341463414634
Horqueta,0.4268292682926829
Hudson,0.036585365853658534
Hudson Chico,0.012195121951219513
Hudson Park,0.04878048780487805
Ibarlucea,0.024390243902439025
Indio Cua Golf Club,0.24390243902439024
Isla Del Este,0.024390243902439025
Isla Santa Monica,0.036585365853658534
Ituzaingo,0.04878048780487805
Ituzaingo Norte,0.34146341463414637
Ituzaingo Sur,0.2926829268292683
Jardin,0.4146341463414634
Jardin Claret,0.012195121951219513
Jardin Nautico De Escobar,0.012195121951219513
Jardines De San Isidro,0.04878048780487805
Jardines de Escobar,0.06097560975609756
Jockey,0.10975609756097561
Jorge Cura,0.5487804878048781
Jose Hernandez,0.5853658536585366
José Ignacio,0.6707317073170732
La Alameda,0.6707317073170732
La Angélica,0.012195121951219513
La Arbolada,0.012195121951219513
La Barra,0.7560975609756098
La Barra Village,0.012195121951219513
La Blanqueada,0.0
La Blanqueada ,0.6951219512195121
La Bota,0.08536585365853659
La Bristol,0.012195121951219513
La Caballeriza,0.012195121951219513
La Candela,0.34146341463414637
La Cañada - Los Arces,0.34146341463414637
La Celia,0.06097560975609756
La Cesarina,0.3780487804878049
La Comarca,0.6463414634146342
La Comercial,0.024390243902439025
La Concepcion,0.012195121951219513
La Cuesta,0.5365853658536586
La Cumbre,0.024390243902439025
La Delfina,0.4634146341463415
La Deseada,0.012195121951219513
La Elina,0.04878048780487805
La Estela,0.036585365853658534
La Florida,0.8902439024390244
La Herradura,0.036585365853658534
La Horqueta,0.7195121951219512
La Loma,0.24390243902439024
La Lomada De Pilar,0.8170731707317073
La Lucila Libertador / Rio,0.7439024390243902
La Lucila Vias / Libertador,0.573170731707317
La Lucila-Vias/Maipu,0.7926829268292683
La Macarena,0.13414634146341464
La Madrugada,0.07317073170731707
La Magdalena,0.012195121951219513
La Martona,0.17073170731707318
La Merced,0.012195121951219513
La Otilia,0.08536585365853659
La Pastora,0.036585365853658534
La Peregrina,0.08536585365853659
La Perla Norte,0.8780487804878049
La Perla Sur,0.8536585365853658
La Pista,0.06097560975609756
La Pradera I,0.3902439024390244
La Providencia Resort & Country Club,0.2926829268292683
La Ranita,0.10975609756097561
La Reserva,0.024390243902439025
La Reserva Cardales,0.45121951219512196
La Tablada,0.3048780487804878
La Taquara,0.012195121951219513
La Tradicion,0.1951219512195122
La cañada de Pilar,0.8536585365853658
Lagoon Pilar,0.8170731707317073
Lagos De Canning,0.1951219512195122
Lagos de San Eliseo,0.36585365853658536
Laguna Azul,0.4634146341463415
Laguna Del Sol,0.07317073170731707
Laguna Grande,0.2926829268292683
Lambertucci,0.06097560975609756
Lanus Este,0.9146341463414634
Lanus Oeste,0.9512195121951219
Larena Country Club,0.07317073170731707
Las Acequias Del Aire,0.12195121951219512
Las Araucarias,0.012195121951219513
Las Avenidas,0.10975609756097561
Las Balsas,0.18292682926829268
Las Brisas Country Club,0.10975609756097561
Las Calandrias,0.036585365853658534
Las Canitas,0.012195121951219513
Las Cañuelas Club de Campo,0.012195121951219513
Las Compuertas,0.23170731707317074
Las Dalias,0.012195121951219513
Las Delicias,0.5
Las Flores,0.012195121951219513
Las Gaviotas,0.2682926829268293
Las Golondrinas,0.04878048780487805
Las Heras,0.5975609756097561
Las Lajas Country Club,0.2682926829268293
Las Liebres,0.4878048780487805
Las Magdalenas,0.024390243902439025
Las Orquideas,0.06097560975609756
Las Palmas,0.12195121951219512
Las Praderas De Lujan,0.15853658536585366
Lezica ,0.024390243902439025
Liniers,0.9878048780487805
Lisandro De La Torre,0.2804878048780488
Lobos Country Club,0.012195121951219513
Loma Hermosa,0.13414634146341464
Loma Verde,0.0
Lomas De Correntoso,0.06097560975609756
Lomas de San Francisco,0.012195121951219513
Lomas de San Isidro,0.9024390243902439
Los Acantilados,0.5365853658536586
Los Alamos,0.024390243902439025
Los Alcanfores,0.3170731707317073
Los Boulevares,0.036585365853658534
Los Girasoles De Lujan,0.024390243902439025
Los Hornos,0.9024390243902439
Los Jazmines,0.036585365853658534
Los Juncos,0.10975609756097561
Los Lagartos,0.5975609756097561
Los Naranjos,0.1951219512195122
Los Nires,0.0
Los Olivares,0.06097560975609756
Los Paraisos,0.012195121951219513
Los Pilares,0.3048780487804878
Los Pinares,0.21951219512195122
Los Pinares Country Club,0.34146341463414637
Los Pinguinos,0.0975609756097561
Los Pinos,0.34146341463414637
Los Pioneros,0.036585365853658534
Los Puentes,0.012195121951219513
Los Quinchos Country Club,0.012195121951219513
Los Robles del Monarca,0.0975609756097561
Los Sauces,0.012195121951219513
Los Senderos I,0.0
Los Talas,0.1951219512195122
Los Tres Pinos,0.4878048780487805
Los Troncos,0.7804878048780488
Ludueña,0.7560975609756098
Lugano,0.17073170731707318
Luis Agote,0.8414634146341463
Lujan De Cuyo,0.2804878048780488
Luna,0.012195121951219513
Macrocentro,0.7195121951219512
Magallanes - Barrio cerrado,0.07317073170731707
Maipu,0.17073170731707318
Malaver,0.34146341463414637
Malibu,0.012195121951219513
Malvin,0.8292682926829268
Malvin Norte,0.04878048780487805
Manantiales,0.9146341463414634
Manzanares Chico,0.47560975609756095
Mapuche Country Club,0.7073170731707317
Marcos Paz Urbano,0.012195121951219513
Marques De Sobremonte,0.0975609756097561
Martin,0.8902439024390244
Martindale Country Club,0.4268292682926829
Martinez Fleming / Panamericana,0.8902439024390244
Martinez Libertador / Rio,0.7195121951219512
Martinez Santa Fe / Fleming,0.9146341463414634
Martinez Vias / Libertador,0.8536585365853658
Martinez Vias / Santa Fe,0.8902439024390244
María Eugenia Residences & Village,0.3048780487804878
Maschwitz Club,0.2073170731707317
Maschwitz Privado,0.10975609756097561
Mataderos,1.0
Mayling Club De Campo,0.45121951219512196
Mayor Drummond,0.4878048780487805
Medal Country club,0.5
Merlo Norte,0.08536585365853659
Merlo Sur,0.3170731707317073
Microcentro,0.8780487804878049
Miguel Muñoz,0.012195121951219513
Mirabosques Cardales,0.024390243902439025
Miraflores,0.12195121951219512
Miralagos,0.036585365853658534
Moderno,0.2682926829268293
Monet Barrio Privado,0.036585365853658534
Monserrat,0.08536585365853659
Monte Castro,0.04878048780487805
Montecarlo,0.15853658536585366
Montoya,0.5365853658536586
Moron Norte,0.9512195121951219
Moron Sur,1.0
Munro-Este,0.6829268292682927
Munro-Oeste,0.0975609756097561
Nautico Escobar,0.4146341463414634
Nordelta (Barrios Cerrados),0.024390243902439025
Nordelta Bahía Grande,0.5365853658536586
Nordelta Barrancas Del Lago,0.012195121951219513
Nordelta Carpinchos,0.47560975609756095
Nordelta Castaños,0.7926829268292683
Nordelta Castaños - Las Piedras,0.06097560975609756
Nordelta Country Los Lagos,0.012195121951219513
Nordelta El Golf,0.4878048780487805
Nordelta El Palmar,0.6463414634146342
Nordelta El Portal,0.012195121951219513
Nordelta El Yacht,0.6219512195121951
Nordelta La Alameda,0.0975609756097561
Nordelta La Isla,0.2926829268292683
Nordelta Lagos del Golf,0.0
Nordelta Las Caletas,0.036585365853658534
Nordelta Las Glorietas,0.024390243902439025
Nordelta Las Tipas,0.43902439024390244
Nordelta Los Alisos,0.5487804878048781
Nordelta Los Castores,0.7317073170731707
Nordelta Los Lagos,0.6341463414634146
Nordelta Los Puentes,0.012195121951219513
Nordelta Los Sauces,0.15853658536585366
Nordelta Miradores de la Bahía,0.012195121951219513
Nordelta Nordelta (Barrios Cerrados),0.04878048780487805
Nordelta Portezuelo,0.34146341463414637
Nordelta Puerto Escondido,0.32926829268292684
Nordelta Remeros Beach,0.15853658536585366
Nordelta Sendero,0.036585365853658534
Nordelta Virazón,0.6951219512195121
Nordelta Wyndham Loft,0.08536585365853659
Nordelta Yoo Nordelta,0.3780487804878049
Norte,0.024390243902439025
Ntra. Sra. Del Rosario,0.06097560975609756
Nuestra Señora De Lourdes,0.7195121951219512
Nueva Cordoba,1.0
Nuevo Merlo,0.012195121951219513
Nuevo Quilmes,0.6951219512195121
Nuñez,0.9878048780487805
Observatorio,0.2682926829268293
Olivos Golf,0.8170731707317073
Olivos Golf Club,0.15853658536585366
Olivos Maipu/Uzal,0.975609756097561
Olivos Quinta Presidencial,0.8048780487804879
Olivos Roche,0.3902439024390244
Olivos Rugby,0.012195121951219513
Olivos Uzal / Panamericana,0.8170731707317073
Olivos Vias/Maipu,0.8902439024390244
Olivos Vias/Rio,0.9512195121951219
Once,0.9634146341463414
Otro,0.7926829268292683
Otros barrios de Nordelta,0.9390243902439024
Pacheco Sur,0.0975609756097561
Palermo,1.0
Parana Mini,0.024390243902439025
Parque,0.6585365853658537
Parque Avellaneda,0.04878048780487805
Parque Batlle,0.0
Parque Batlle ,0.6097560975609756
Parque Casado,0.32926829268292684
Parque Castelli,0.024390243902439025
Parque Centenario,0.8658536585365854
Parque Chacabuco,0.975609756097561
Parque Chas,0.036585365853658534
Parque Exaltacion,0.4878048780487805
Parque Jularó,0.08536585365853659
Parque Leloir,0.17073170731707318
Parque Luro,0.6585365853658537
Parque Patricios,0.975609756097561
Parque Rodo,0.0
Parque Rodo ,0.18292682926829268
Parque Sakura,0.7682926829268293
Parque las naciones,0.04878048780487805
Paseo Aldrey,0.08536585365853659
Paso De La Arena,0.012195121951219513
Paternal,0.9146341463414634
Península,0.8536585365853658
Peumayen,0.024390243902439025
Pichincha,0.9024390243902439
Piedra Blanca Abajo,0.012195121951219513
Pilar Centro,0.9634146341463414
Pilar Del Este,0.9024390243902439
Pilar Del Este - Santa Elisa,0.06097560975609756
Pilar Del Este - Santa Sofia,0.036585365853658534
Pilar Del Lago,0.24390243902439024
Pilar Golf Club,0.25609756097560976
Pilar Green Park,0.024390243902439025
Pilar Plaza,0.024390243902439025
Pilar del Este - Los Jazmines,0.024390243902439025
Pilar del Este - Los Jazminez,0.07317073170731707
Pilar del Este - San Alfonso,0.4878048780487805
Pilar del Este - San Eduardo,0.6341463414634146
Pilar del Este - San Ramiro,0.7682926829268293
Pilar del Este - San Ramon,0.7195121951219512
Pilar del Este - Santa Elena,0.7682926829268293
Pilar del Este - Santa Emilia,0.6341463414634146
Pilar del Este - Santa Guadalupe,0.8414634146341463
Pilar del Este - Santa Lucia,0.5365853658536586
Pilara,0.7560975609756098
Pinamar,0.3902439024390244
Pinamar Norte,0.036585365853658534
Pinares,0.8170731707317073
Playa Brava,0.9146341463414634
Playa Chica,0.07317073170731707
Playa Grande,0.8414634146341463
Playa Mansa,0.9024390243902439
Playa Serena,0.012195121951219513
Plaza Colon,0.9390243902439024
Plaza Italia,0.036585365853658534
Plaza Mateu,0.024390243902439025
Plaza Mitre,0.9024390243902439
Plaza Paso,0.024390243902439025
Plaza Rocha,0.2682926829268293
Pocitos,0.0
Pocitos ,0.7926829268292683
Pocitos Nuevo,0.0
Pocitos Nuevo ,0.45121951219512196
Poeta Lugones,0.06097560975609756
Pompeya,0.9390243902439024
Portal De La Avenida,0.012195121951219513
Praderas De San Lorenzo,0.024390243902439025
Prado,0.0
Prado ,0.34146341463414637
Prados del Oeste,0.0975609756097561
Primera Junta,0.024390243902439025
Principado Ciudad Nautica,0.08536585365853659
Providencia,0.4634146341463415
Pueblo Caamaño,0.21951219512195122
Pueblos Del Plata - Elcano,0.024390243902439025
Pueblos Del Plata - Sebastian Gaboto,0.24390243902439024
Pueblos Del Plata - Villalobos,0.34146341463414637
Puerto,0.5365853658536586
Puerto Buceo,0.0
Puerto Buceo ,0.13414634146341464
Puerto Del Aguila,0.012195121951219513
Puerto Madero,0.08536585365853659
Puerto Manzano,0.06097560975609756
Puerto Nizuc,0.04878048780487805
Puerto Norte,0.8780487804878049
Puerto Roldan,0.2926829268292683
Puertos,0.8292682926829268
Puertos - Acacias,0.3780487804878049
Puertos - Araucarias,0.4146341463414634
Puertos - Barrio Amarras,0.4024390243902439
Puertos - Barrio Ceibos,0.4024390243902439
Puertos - Barrio Costas,0.3780487804878049
Puertos - Barrio Marinas,0.24390243902439024
Puertos - Barrio Nativas,0.10975609756097561
Puertos - Barrio Vistas,0.47560975609756095
Puertos - Muelles,0.34146341463414637
Puertos - Riberas,0.4024390243902439
Puertos del Lago,0.0
Puertos del Lago - Barrio Marinas,0.0
Puertos del Lago - Barrio Vistas,0.0
Puertos del Lago - Muelles,0.0
Punta Ballena,0.8536585365853658
Punta Carretas,0.8658536585365854
Punta Chacra,0.15853658536585366
Punta Chica,0.8658536585365854
Punta Gorda,0.07317073170731707
Punta Iglesia,0.024390243902439025
Punta Mogotes,0.9390243902439024
Punta Piedras,0.024390243902439025
Quebrada De Las Rosa,0.0975609756097561
Quebrada De Manantiales,0.012195121951219513
Quinta Sección,0.10975609756097561
Ramos Mejia Norte,0.8902439024390244
Ramos Mejia Sur,1.0
Recoleta,0.14634146341463414
Reducto,0.012195121951219513
Refinerias,0.7926829268292683
Remedios De Escalada De San Martin,0.3780487804878049
Republica De La Sexta,0.8658536585365854
Residencial Santa Ana,0.024390243902439025
Retiro,0.06097560975609756
Rincon De Milberg,0.0
Rincon Del Este,0.036585365853658534
Rincón del Indio,0.7195121951219512
Ringuelet,0.8292682926829268
Roosvelt,0.8414634146341463
Roque Saenz Peña,0.4878048780487805
Rumenco,0.3170731707317073
Rumenco Joven,0.024390243902439025
Saavedra,0.975609756097561
Saint Matthews,0.10975609756097561
Saint Thomas,0.8292682926829268
Saladillo,0.6829268292682927
San Agustin,0.024390243902439025
San Andres,0.0
San Andres Barrio Golf,0.012195121951219513
San Benito,0.15853658536585366
San Bernardo Del Tuyu,0.2682926829268293
San Carlos,0.4268292682926829
San Carlos Country Club,0.2804878048780488
San Cayetano,0.012195121951219513
San Cristobal,0.975609756097561
San Diego,0.2682926829268293
San Diego Country Club,0.8048780487804879
San Eduardo,0.08536585365853659
San Eliseo Golf & Country,0.43902439024390244
San Felipe,0.17073170731707318
San Fernando,0.012195121951219513
San Fernando Oeste,0.012195121951219513
San Fernando Vias  /  Centro,0.7926829268292683
San Fernando Vias  /  Libertador,0.524390243902439
San Fernando Vias  /  Libertador a Rio,0.08536585365853659
San Fernando Vias  /  Panamericana,0.15853658536585366
San Francisco,0.8414634146341463
San Francisco Del Monte,0.08536585365853659
San Gabriel,0.47560975609756095
San Isidro,0.07317073170731707
San Isidro Altos de la Horqueta,0.06097560975609756
San Isidro Barrio Carreras,0.036585365853658534
San Isidro Central,0.036585365853658534
San Isidro Centro,0.9024390243902439
San Isidro Chico,0.07317073170731707
San Isidro Labrador,0.8780487804878049
San Isidro Lasalle / Rio,0.18292682926829268
San Isidro Libertador / Lasalle,0.024390243902439025
San Isidro Vias / Libertador,0.43902439024390244
San Isidro Vias / Rolon,0.8170731707317073
San Jorge Village,0.5609756097560976
San Jose,0.8170731707317073
San Juan,0.7560975609756098
San Juan Chico,0.024390243902439025
San Lorenzo Chico,0.024390243902439025
San Lucas,0.3902439024390244
San Lucas Village,0.0
San Marco,0.34146341463414637
San Martin,0.7317073170731707
San Matias,0.8902439024390244
San Miguel De Ghiso,0.012195121951219513
San Nicolás,0.0975609756097561
San Pablo,0.5853658536585366
San Pablo Chico,0.036585365853658534
San Patricio,0.36585365853658536
San Rafael,0.8292682926829268
San Rafel,0.07317073170731707
San Roque,0.23170731707317074
San Sebastian,0.8414634146341463
San Simon,0.14634146341463414
San Telmo,1.0
San Vicente,0.524390243902439
Santa Ana,0.5975609756097561
Santa Barbara,0.8292682926829268
Santa Catalina,0.7195121951219512
Santa Clara,0.12195121951219512
Santa Clara Al Sur,0.2682926829268293
Santa Genoveva,0.08536585365853659
Santa Ines,0.5365853658536586
Santa Irene,0.012195121951219513
Santa Isabel,0.8414634146341463
Santa Maria,0.036585365853658534
Santa Maria De Los Olivos,0.3170731707317073
Santa Maria Del Tigre,0.7073170731707317
Santa Rita,0.7195121951219512
Santa Teresa,0.07317073170731707
Santo Domingo,0.14634146341463414
Santo Tomas,0.4878048780487805
Saravi Village,0.2804878048780488
Sarmiento,0.524390243902439
Sausalito,0.6219512195121951
Sayago,0.10975609756097561
Septiembre,0.6585365853658537
Sexta Sección,0.08536585365853659
Sierra De Los Padres,0.7073170731707317
Smithfield,0.12195121951219512
Solar Del Bosque,0.024390243902439025
Solares Del Talar,0.012195121951219513
Soles Del Pilar,0.012195121951219513
Springdale,0.0
Springpark,0.024390243902439025
Stella Maris,0.5
Sur,0.07317073170731707
Talar Del Lago,0.2073170731707317
Talar Del Lago II,0.2682926829268293
Tejas 4,0.04878048780487805
Tejas del Sur 2,0.012195121951219513
Terminal,0.21951219512195122
Terminal Vieja,0.7195121951219512
Terralagos,0.5
Terravista,0.7804878048780488
Terrazas Neuquén,0.04878048780487805
Tiempos De Canning,0.012195121951219513
Tierra De Sueños 3,0.15853658536585366
Tigre Residencial,0.6219512195121951
Tiro Suizo,0.7560975609756098
Toro,0.012195121951219513
Torreon,0.24390243902439024
Tortugas Country Club,0.3170731707317073
Tortugas Norte,0.06097560975609756
Tres Cerros,0.15853658536585366
Tres Cruces,0.7560975609756098
Triangulo,0.4024390243902439
Union,0.17073170731707318
Urca,0.4268292682926829
Urquiza,0.08536585365853659
Valle Escondido,0.2073170731707317
Valle del Golf,0.10975609756097561
Varese,0.2682926829268293
Velez Sarsfield,0.8658536585365854
Venado,0.0
Verdi 57,0.012195121951219513
Versalles,0.9146341463414634
Vicente Lopez Quinta Presidencial,0.07317073170731707
Vicente Lopez Vias / Maipu,0.926829268292683
Vicente Lopez Vias / Rio,0.9024390243902439
Victoria Barrio Centro,0.6585365853658537
Vida,0.3048780487804878
Vida Club De Campo,0.07317073170731707
Vida Lagoon,0.04878048780487805
Vila Marina,0.7073170731707317
Vila Marina II,0.3170731707317073
Villa Allende Centro,0.024390243902439025
Villa Allende Golf,0.1951219512195122
Villa Belgrano,0.8414634146341463
Villa Biarritz,0.0
Villa Biarritz ,0.024390243902439025
Villa Bonich,0.7317073170731707
Villa Cabrera,0.04878048780487805
Villa Catalina,0.24390243902439024
Villa Celina,0.7926829268292683
Villa Centenario,0.13414634146341464
Villa Central Norte,0.0
Villa Correntoso,0.04878048780487805
Villa Crespo,0.9878048780487805
Villa Del Lago,0.10975609756097561
Villa Devoto,0.9878048780487805
Villa Elena,0.012195121951219513
Villa General Mitre,0.9024390243902439
Villa Libertad,0.6585365853658537
Villa Los Remeros,0.012195121951219513
Villa Lugano,0.9878048780487805
Villa Luro,0.9878048780487805
Villa Lynch,0.0
Villa Maipu,0.9024390243902439
Villa Morra I,0.23170731707317074
Villa Nueva,0.07317073170731707
Villa Olivos,0.036585365853658534
Villa Ortuzar,0.8902439024390244
Villa Primera,0.6341463414634146
Villa Pueyrredon,0.9634146341463414
Villa Real,0.8536585365853658
Villa Riachuelo,0.3170731707317073
Villa Rivera Indarte,0.17073170731707318
Villa Rosa,0.0
Villa San Nicolas,0.012195121951219513
Villa Santa Rita,0.6341463414634146
Villa Soldati,0.7439024390243902
Villa Urquiza,1.0
Villa Warcalde,0.08536585365853659
Villa Zorraquin,0.012195121951219513
Villa del Lago,0.04878048780487805
Villa del Parque,0.9878048780487805
Village Golf & Tenis Club,0.036585365853658534
Village Joven,0.012195121951219513
Village Plaza,0.012195121951219513
Villanueva,0.9390243902439024
Villarobles,0.15853658536585366
Virreyes Estacion,0.012195121951219513
Vistalba,0.2926829268292683
Weston,0.13414634146341464
William Morris,0.3170731707317073
Yei Pora,0.012195121951219513
Yerba Buena,0.14634146341463414
Zona Centro,0.8048780487804879
Zona Guemes,0.6585365853658537
Zona Norte,0.04878048780487805
Zona Sur,0.7317073170731707
Zona Universidades Bosque,0.036585365853658534
Área Centro Este,0.14634146341463414
Área Centro Oeste,0.06097560975609756
