,log_precio_m2,log_precio_m2,log_precio_m2,log_precio_m2,precio_m2,precio_m2,precio_m2,precio_m2,superficie_ref,superficie_ref,superficie_ref,superficie_ref,CantidadDormitorios,CantidadDormitorios,CantidadDormitorios,CantidadDormitorios
,count,mean,median,std,count,mean,median,std,count,mean,median,std,count,mean,median,std
month,,,,,,,,,,,,,,,,
2019-01,8994,7.058919718363196,7.464043276824885,1.6401908638096636,8994,1886.0396045587008,1744.1860465116279,1488.3786718564277,8994,879.9163342228152,83.0,4360.070883740043,188919,2.3761612119479776,2.0,1.1569761818457365
2019-02,6865,6.751435885440873,7.3645136814778525,1.810323578770622,6865,1856.6361090974976,1578.9473684210527,3707.63912421435,6865,20723.126587035684,126.0,829930.8941883844,135201,2.368747272579345,2.0,1.137470673025806
2019-03,8829,7.0142211121676095,7.4673710669175595,1.7212449443500133,8829,1820.5008684195504,1750.0,1175.457805847013,8829,259.3119164118247,75.06,942.8739398804383,163063,2.4102892746975098,2.0,1.1710264907868453
2019-04,10889,6.895921032459885,7.4673710669175595,2.3419741357512947,10889,1912.6011359030456,1750.0,2341.3883477948652,10889,6167.246723298741,90.0,75108.92905786185,161877,2.335841410453616,2.0,1.1422599747708386
2019-05,35141,7.762388632469525,8.158315823922305,1.3183712993720569,35141,4323.140880024063,3492.3,17093.791334313304,35141,403.63603710765204,48.0,5172.316811721926,234408,2.239014880038224,2.0,1.1211831610814313
2019-06,9607,7.130076343510174,7.50246238672883,1.5285582768258796,9607,2650.9925320514653,1812.5,11862.052770739598,9607,426.7114270844176,75.0,2902.8045737550315,164440,2.301836536122598,2.0,1.1302811201171141
2019-07,17752,7.27839105143076,7.57191492266883,1.3908784383245432,17752,2084.0769284418825,1942.857142857143,1930.5379949950416,17752,7779.2770707525915,95.0,383980.78560058924,191150,2.376306565524457,2.0,1.1320415377436936
2019-08,16638,7.143226437917642,7.430141725149204,1.3761596153450928,16638,1838.7743649452555,1686.046511627907,1174.8294649413538,16638,8279.922721480947,92.0,285009.9591793738,195191,2.345225958164055,2.0,1.117998357750281
2019-09,16093,7.009000113524849,7.391552230360208,1.8477300985964809,16093,1805.3267530554958,1622.2222222222222,1276.0274225830494,16093,1724.448065618592,90.0,23475.0023555763,189322,2.354628622135832,2.0,1.1056879199956424
2019-10,30612,7.134622520603281,7.4757393165880766,1.4530855872145259,30612,2032.14471468747,1764.7058823529412,5588.2508082532195,30612,1537.1454240167254,90.0,19476.747224267245,258539,2.316087708237442,2.0,1.1233723092163976
2019-11,23959,7.21636535227645,7.540277837725648,1.5270028575114472,23959,2093.3386496573453,1882.3529411764705,3020.192677131143,23959,8222.456842940022,81.0,181309.5534225478,234747,2.2890430974623746,2.0,1.1200769524007048
2019-12,21368,6.9742570914224675,7.464043276824885,1.8426192742902734,21368,2267.0908870854705,1744.1860465116279,6791.268396284321,21368,512765.80656308495,120.0,17622037.942167025,171712,2.3343680115542305,2.0,1.1351355994304435
2020-01,20830,7.136019083240568,7.473563037165481,1.7043524602740512,20830,2135.01430736995,1760.8695652173913,5492.5629578370545,20830,1258.0676135381661,80.0,16491.994505972954,206992,2.2947118729226252,2.0,1.1301793012452512
2020-02,26956,7.061856817184986,7.512609852396404,1.6849557391948413,26956,2502.404254816628,1830.9859154929577,12775.479284312352,26956,2214.6014876094378,87.0,25930.78914228725,191030,2.308223839187562,2.0,1.1289684348291786
2020-03,46036,7.22395917414413,7.549609165154532,1.4695700642287524,46036,2252.3139016348396,1900.0,6487.002291253341,46036,435.0380617342949,90.0,4748.91997681631,248198,2.277463960225304,2.0,1.1283897569616008
2020-04,41342,7.189552566831703,7.5840953412257015,1.5780302147410543,41342,2162.7398891754974,1966.6666666666667,3744.6181405738953,41342,2939.676038169416,84.0,99131.90010662083,169184,2.2997742103272176,2.0,1.1275901786737612
2020-05,94170,6.611191459865862,7.403102014932294,2.814025494112819,94170,2812.796979342969,1641.067216981132,17085.53874361397,94170,6889.238078793671,85.0,493808.3722757032,278773,2.2752382763036594,2.0,1.1185524226022987
2020-06,69781,6.8512607936717815,7.398712699531402,2.0552827663154356,69781,3192.101393596076,1633.879781420765,61391.080914626575,69781,1645.5128434674195,100.0,93335.03138053633,198254,2.3130781724454486,2.0,1.131412559136915
2020-07,148334,6.9511546181030806,7.359740402725194,1.6449124095109433,148334,2332.3712143029384,1571.4285714285713,47317.92832156728,148334,2455.703700365392,100.0,149221.85632723226,267305,2.2861487813546324,2.0,1.1450384542750156
2020-08,127970,7.067569715529274,7.446751779714824,1.7034680300256144,127970,2360.983716338571,1714.2857142857142,12895.789215883482,127970,20750.34636594514,90.0,2864831.7499035634,226819,2.280435060554892,2.0,1.1300315684123394
2020-09,182531,7.08334295689538,7.444059988049113,1.552020457946819,182531,2508.1469993870573,1709.6774193548388,23978.693492306647,182531,2649.6061346839715,90.0,131997.42564166387,275612,2.31117295328215,2.0,1.205598764593015
2020-10,268070,7.080533390610549,7.50246238672883,1.7019725049190615,268070,2468.4617094639366,1812.5,14787.739720104533,268070,38525.70854202261,84.0,2708316.2444499945,294916,2.269781903999783,2.0,1.1580145591693398
2020-11,391424,7.130752151728177,7.4524824544238095,1.430525307763273,391424,2311.3085676807527,1724.1379310344828,18287.101968305076,391424,79366.19388696145,100.0,11614851.074752308,316740,2.4799614826040286,2.0,1.2185052338846978
2020-12,268743,7.092408580397592,7.472648124018404,1.6194683642314787,268743,2409.0038245958144,1759.2592592592594,19393.89299282362,268743,52108.48350412848,90.0,16809684.493558053,216875,2.330568299711816,2.0,1.2213667200600449
2021-01,280106,7.038448728072025,7.445918098966247,1.6564379067085349,280106,2730.202453288956,1712.857142857143,29010.11673080568,280106,57681.93534429823,91.0,3976667.337578038,221459,2.2956303424110107,2.0,1.1523709110773706
2021-02,295749,6.986769117503953,7.414405531337647,1.6348131694125079,295749,2278.8933688798843,1659.7222222222222,25006.285166118778,295749,117227.00447761446,90.0,25328224.78705352,230773,2.287256308146967,2.0,1.147643525071034
2021-03,418041,7.00902123435236,7.393263094763838,1.5973411588756186,418041,2178.175551098213,1625.0,15816.162900098427,418041,64611.47756928149,89.0,19002874.607326843,322188,2.265878927830956,2.0,1.1286539028708864
2021-04,333607,7.003854586688614,7.401278224895777,1.5817216473034685,333607,2233.058363669336,1638.076923076923,19395.07652618122,333607,92412.40574136634,86.0,22619603.540835664,260252,2.2480403608809922,2.0,1.1152630835470236
2021-05,346993,6.895902454536555,7.357280376884332,1.8240243144719508,346993,2222.9004051867732,1567.5675675675675,19390.400268475518,346993,551063.5753142283,93.0,79130899.05126868,268686,2.289683868902734,2.0,1.125863617210954
2021-06,374391,7.045192101613587,7.418580902748128,1.5160501191100666,374391,2250.1564559243943,1666.6666666666667,15872.567357789341,374391,6847.374224380394,89.0,1552062.642419359,292070,2.2626493648782824,2.0,1.1384774272562672
2021-07,371440,6.9421646328487,7.354042381610556,1.5483365584362057,371440,2982.85311265258,1562.5,177335.68946498356,371440,10269.55266355266,94.0,1027010.541392114,285445,2.2831543729965493,2.0,1.1410444086910192
2021-08,387350,7.003271755873878,7.3645136814778525,1.4637290678363877,387350,2739.167000417175,1578.9473684210527,174228.1315765437,387350,31852.621809913515,90.0,16139105.480515879,304120,2.249444298303301,2.0,1.1049717362787985
2021-09,392837,6.967278022163659,7.348970079750704,1.4447810872512905,392837,2613.195478126525,1554.5945945945946,171115.51240162412,392837,27528.35497409867,90.0,4294801.373153031,294703,2.2391288856916964,2.0,1.1168901245529095
2021-10,375305,6.979299036129027,7.347706563161471,1.5097028753383435,375305,2660.0404967626305,1552.6315789473683,175411.30531699045,375305,21260.12376280625,87.0,4774596.804098137,296315,2.231129034979667,2.0,1.1227527789889067
2021-11,352808,6.9759683301069595,7.335199293809077,1.4900505684117191,352808,2829.8944537676434,1533.3333333333333,180845.5412087382,352808,27029.23673286887,89.0,6373946.647699167,280434,2.2682663300455723,2.0,1.1422723020696164
2021-12,327877,6.82283648530286,7.307355267637903,1.8060891463406694,327877,2681.483571709252,1491.2280701754387,109551.9682642438,327879,5626.983451822166,90.0,908579.7882298328,250229,2.247809006949634,2.0,1.1228021645442323
2022-01,308763,6.917544085885883,7.320600494387924,1.4885603146835875,308763,2697.216908448762,1511.111111111111,111493.44874847615,308775,22052.241072722856,90.0,6028060.212585191,234530,2.2415426597876604,2.0,1.1264319070180824
2022-02,296370,6.846905010297171,7.275480059107454,1.5509803941943463,296370,2301.619573955541,1444.4444444444443,110617.95818420396,296388,27683.310102433297,92.0,6449265.48696617,224688,2.257895392722353,2.0,1.1067417246655615
2022-03,329802,6.920700149227011,7.3096803829543315,1.4911657212300278,329802,2356.4886152539093,1494.699381906724,101533.0181147283,329932,6888.922423044749,91.0,1351469.2709286038,252038,2.266876423396472,2.0,1.1181259716962964
2022-04,333147,6.956168686404307,7.313220387090301,1.44010505404238,333147,2763.659830862412,1500.0,104701.86649079954,333169,18166.501930761868,93.0,2840179.288256584,261111,2.2812443749976064,2.0,1.116318284583489
2022-05,366983,6.887252125562998,7.2833674239406205,1.51415207041206,366983,2158.005743650824,1455.8823529411766,76525.40738260548,367003,45517.02276877846,95.0,6036551.4972571125,288866,2.2671203949235976,2.0,1.1407399558090814
2022-06,294701,6.9372471268129345,7.313220387090301,1.4401439122357882,294701,2165.2074755273106,1500.0,80429.69555892752,294729,92460.5512850449,90.0,31333346.259774864,229131,2.266790613229986,2.0,1.1203202998966997
2022-07,549148,6.667603222175027,7.1308988302963465,1.750766164119132,549148,2395.084570222955,1250.0,60103.86327476351,549211,15015.44262436477,108.0,2333333.3997634524,402858,2.283385212655576,2.0,1.111315830701254
2022-08,411113,6.858744262013185,7.260576653604879,1.5051051695447233,411113,2162.6631144861394,1423.076923076923,67092.3812858742,411125,6749.258638783825,97.0,586540.2923630032,311390,2.274324801695623,2.0,1.1154435154587947
2022-09,377618,6.789234595815593,7.236259345954173,1.6248202348213834,377618,2035.0742188266695,1388.888888888889,68885.39555657287,377636,17830.425998527684,95.0,3986329.775685214,283904,2.2356993913435526,2.0,1.104826705243048
2022-10,296689,6.793095766587222,7.226209010100671,1.5851360935164127,296689,2224.083774441236,1375.0,79928.74607059816,296706,38118.61903345399,100.0,8056247.218709038,224819,2.2992095863783755,2.0,1.1256748884177252
2022-11,304853,6.740255427850036,7.186945515283605,1.6025105757187121,304853,2259.248755296549,1322.0588235294117,78925.5531644308,304867,27293.391598303522,101.0,5206274.648348711,228884,2.3066225686373882,2.0,1.1292210727225953
2022-12,195197,6.763721319675707,7.22200437881864,1.5591761325555458,195197,2360.129272239993,1369.2307692307693,96548.91357193454,195211,17193.345835378128,115.0,3444504.0939283194,147654,2.4054343261950235,2.0,1.156618101674593
2023-01,76269,6.6275216449283825,7.138866999945524,1.8836736998065653,76269,5749.303900923461,1260.0,107239.7218975534,76269,7671.007519700009,120.0,1444256.5722939249,54640,2.2708821376281114,2.0,1.1128238244045439
2023-02,101908,6.955281800220661,7.151377361639887,2.097520026453297,101908,10031.80449509412,1275.8620689655172,35397.54460026322,101909,1414.2824189227645,102.0,45122.73249116212,75345,2.3035237905634083,2.0,1.0881079949747852
2023-03,154430,6.682067485045558,7.138488999563022,1.6760888581673794,154430,2027.592980799749,1259.5238095238096,24310.41014917839,154430,4354.67660713592,110.0,245078.67840798118,113467,2.3081424555157004,2.0,1.144420045846489
2023-04,149481,6.706430961783325,7.165584388284237,1.6411014987878485,149481,1892.5936042378312,1294.1176470588234,10040.191335104128,149481,6712.782784902429,120.0,1020207.5755379474,109815,2.384910986659382,2.0,1.1729570307146915
2023-05,175711,6.60464187798645,7.098810515744846,1.6652419228365385,175711,2408.2668278456877,1210.5263157894738,64387.03980592343,175717,1304772.5764556078,120.0,222050234.5304667,124533,2.366360723663607,2.0,1.1176250910520382
2023-06,219392,6.6879546566470855,7.138181219315688,1.589660315908884,219392,2509.754399303673,1259.1362126245847,58578.44506405668,219394,2973.8086239824243,114.82,211085.52789502742,160047,2.3400063731278937,2.0,1.1212410614016057
2023-07,326071,6.706879584279345,7.176019265576817,1.6904119660568897,326071,2033.9606815661748,1307.6923076923076,73849.45046936309,326122,77594.36231827353,104.0,14788884.208498504,239019,2.300147687003962,2.0,1.1103957437886194
2023-08,273299,6.6694774417178335,7.148917335799025,1.6439729954440676,273299,1843.9301131266197,1272.7272727272727,12731.576539380812,273301,96436.85454755015,110.0,16678926.518979834,196143,2.2954018241792977,2.0,1.1096016252084062
2023-09,451782,6.6466685822155025,7.1389960405289665,1.7870804693337559,451782,2323.8777304073133,1260.1626016260163,67938.22269442273,451790,191269.22300546715,108.0,31865940.366657857,325264,2.317889468247331,2.0,1.1260542154769608
2023-10,391431,6.681247051968682,7.148917335799025,1.6239577087622128,391431,2268.5576406505465,1272.7272727272727,72766.64539134255,391461,22934.212120185664,118.0,2761839.216164715,285281,2.3722364966471656,2.0,1.1330288714511692
2023-11,386077,6.7083419078298405,7.166238196741656,1.5655235896131208,386077,2663.7800605873863,1294.9640287769785,93709.85958668787,386090,50362.13773306742,110.0,10650371.35918992,274326,2.3136596604040447,2.0,1.1306330132883133
2023-12,348629,6.672707898344704,7.145228655851172,1.6100168960136838,348629,2105.678384605054,1268.041237113402,73370.77397480317,348637,16635.43077464526,115.0,1406104.8873890708,250525,2.34490769384293,2.0,1.128669473540301
2024-01,380641,6.6358525590122595,7.113199253196946,1.5851615071983944,380641,2262.088423764756,1228.0701754385964,74848.18491190978,380649,839135.8146667664,120.0,266326314.939777,267480,2.3345147300732765,2.0,1.1259414878986922
2024-02,333429,6.612889773123237,7.100127171629593,1.6851172682014746,333429,3997.97869271937,1212.121212121212,343400.98613374535,333455,737842.6747328425,117.0,152674287.6826475,234911,2.3439685668189227,2.0,1.1246909656738027
2024-03,365982,6.6764746101597705,7.147896406664918,1.5744391847456896,365982,2080.1372395854814,1271.4285714285713,80768.74461220329,366027,160762.53171402655,110.0,38592440.65249728,259607,2.3155192271394838,2.0,1.1444456979291855
2024-04,377771,6.788502512156306,7.203219491875973,1.5217153303754778,377771,3277.0677392819857,1343.75,127619.33428782018,377778,191642.6163715992,110.0,50647899.18691244,265667,2.3568452235317143,2.0,1.143199680554596
2024-05,386376,6.802220273182212,7.232170432667381,1.5307226376644207,386376,2521.9426559321564,1383.2214381079534,79401.51751501155,386383,138987.34757002766,108.0,34894412.47666188,280207,2.3475323600052818,2.0,1.1456370334923311
2024-06,332077,6.686732278413607,7.166265974133638,1.63436271807394,332077,2072.3109685868712,1295.0,64104.47691220392,332082,445154.5979854674,115.0,111417974.77161363,234032,2.37144493060778,2.0,1.1461820056045526
2024-07,404202,6.787564787642407,7.202263316504318,1.5817911740271442,404202,3485.9486454421913,1342.4657534246576,168854.7928772892,404256,1054902.6880493055,109.0,283495718.00595415,296011,2.3304167750522784,2.0,1.1453619868338325
2024-08,401576,6.6738582357665805,7.152877737015122,1.6472772193503211,401576,3429.980796659222,1277.7777777777778,175540.7505853798,401606,4443372.65288046,115.0,2436503046.510217,282856,2.3682333059931557,2.0,1.1387845543632689
2024-09,332111,6.73394579496581,7.167266474467222,1.6100286501334615,332111,2765.076466204125,1296.2962962962963,76304.64875028632,332140,5932468.361187812,111.0,2695767349.65436,237386,2.368433690276596,2.0,1.137884132014502
2024-10,422757,6.698841546149594,7.196988942125337,1.6422435652644385,422757,2146.076018798325,1335.4037267080746,60568.32616742359,422778,3683875.853777467,120.0,2359773715.5769005,294295,2.380037037666287,2.0,1.1508605482935081
2024-11,349651,6.752941938223394,7.202872329921436,1.5568777581082962,349651,2534.568525498293,1343.2835820895523,96747.62622210382,349696,1880912.5038339873,110.0,720078081.7223308,248106,2.358399232586072,2.0,1.1375481382647974
2024-12,426423,6.620921342627777,7.12420984214555,1.7734549818344263,426423,2309.484640025093,1241.6666666666667,68049.7410412242,426428,510182.3295920061,120.0,263105993.92244428,294264,2.369311230731588,2.0,1.1382188233815171
2025-01,336209,6.861588416620108,7.283544618944185,1.5497509074143438,336209,2435.348886474428,1456.140350877193,91320.84702524317,336216,846682.1122133093,100.0,166744499.99448672,247927,2.3471989738915084,2.0,1.1428631391598465
2025-02,327908,6.914863745889938,7.2858214129021865,1.4718268554347451,327908,4324.632181781502,1459.4594594594594,803705.0225641071,327930,94192.0070729119,96.0,34988606.077673085,244826,2.3316886278418143,2.0,1.1465813548893364
2025-03,293846,6.858485928722553,7.277502304488222,1.61691058974267,293846,2282.5018301660375,1447.3684210526317,71906.58088680517,293881,47588.319595312394,100.0,12171016.538351396,216540,2.3546457929250946,2.0,1.1373676624884819
2025-04,349985,6.794272076635359,7.226209010100671,1.543429909942053,349985,2248.8433546892547,1375.0,59400.49019718858,350022,64302.40667943729,108.0,17422971.983482335,251108,2.3677461490673335,2.0,1.1504359727856501
2025-05,339388,6.856095364330626,7.27399967393702,1.536466052529625,339388,2349.0910606817733,1442.3076923076924,61060.29442458024,339421,24823.983143382407,105.0,8002679.270508275,245494,2.346725378216983,2.0,1.1488545993409232
2025-06,304824,6.757402289304896,7.217910207285977,1.5749141592937563,304824,2346.0187277695854,1363.6363636363637,87114.9952366384,304843,37846.088777239434,110.0,10190533.088259794,214438,2.3589522379429018,2.0,1.1571481015786917
2025-07,306778,6.793883929674643,7.2551565861355405,1.5873073678925496,306778,2425.9235853704536,1415.3846153846155,95013.63807655773,306795,577162.820283577,104.0,138555265.06368524,216987,2.328535810901114,2.0,1.13631593278934
2025-08,273162,6.723447372193594,7.2078598714324755,1.5943295096514067,273162,2137.297221534154,1350.0,65665.11127737956,273189,26146.906444805612,110.0,3403438.966362202,192675,2.348254833268457,2.0,1.142053640866004
2025-09,292934,6.825933118848611,7.275480059107454,1.537003988950971,292934,2082.2988447006246,1444.4444444444443,62236.34572055803,292944,65556.48330500026,107.0,17693029.618796427,215271,2.3619066200277787,2.0,1.139481738613158
2025-10,228262,6.648938624633643,7.1308988302963465,1.626147444972396,228262,2083.784155260058,1250.0,77290.55354507749,228262,33832.081940533244,120.0,9855950.986300137,161550,2.3739275766016714,2.0,1.1415592189577741
